Product,Ingredient,Score
perfect facial hydrating cream,theobroma cacao (cocoa) seed butter,14
perfect facial hydrating cream,tocopherol,14
perfect facial hydrating cream,phenoxyethanol,10
perfect facial hydrating cream,beta-carotene,14
perfect facial hydrating cream,sodium ascorbyl phosphate,14
perfect facial hydrating cream,peg-20 stearate,14
perfect facial hydrating cream,fusanus spicatus wood oil,14
perfect facial hydrating cream,cellulose gum,16
perfect facial hydrating cream,disodium edta,14
perfect facial hydrating cream,tropolone,14
perfect facial hydrating cream,simmondsia chinensis (jojoba) seed oil,14
perfect facial hydrating cream,linalool 100% natural fragrance - parfum 100% naturel,7
perfect facial hydrating cream,sorbitan stearate,14
perfect facial hydrating cream,cetearyl alcohol,14
perfect facial hydrating cream,boswellia carterii oil,14
perfect facial hydrating cream,ethylhexylglycerin,10
perfect facial hydrating cream,rosmarinus officinalis (rosemary) leaf oil,9
perfect facial hydrating cream,aloe barbadensis leaf juice,18
perfect facial hydrating cream,glycine soja (soybean) oil,13
perfect facial hydrating cream,farnesol,7
perfect facial hydrating cream,rosa canina fruit oil,16
perfect facial hydrating cream,glyceryl stearate,14
perfect facial hydrating cream,citric acid,9
perfect facial hydrating cream,daucus carota sativa (carrot) root extract,14
perfect facial hydrating cream,water (aqua),16
perfect facial hydrating cream,steareth-21,14
perfect facial hydrating cream,microcrystalline cellulose,16
perfect facial hydrating cream,hydroxyacetophenone,15
perfect facial hydrating cream,limonene,6
perfect facial hydrating cream,glycerin,17
,,
,,
Product,Ingredient,Score
hyaluronic acid moisturizer,ethylhexylglycerin,10
hyaluronic acid moisturizer,bentonite,9
hyaluronic acid moisturizer,shea butter,15
hyaluronic acid moisturizer,glycerin,17
hyaluronic acid moisturizer,cetearyl alcohol,14
hyaluronic acid moisturizer,apricot oil,14
hyaluronic acid moisturizer,avocado butter,14
hyaluronic acid moisturizer,cetearyl wheat straw glycosides,12
hyaluronic acid moisturizer,jojoba oil,14
hyaluronic acid moisturizer,water,16
hyaluronic acid moisturizer,tocopheryl acetate,14
hyaluronic acid moisturizer,glyceryl stearate,14
hyaluronic acid moisturizer,phenoxyethanol,10
hyaluronic acid moisturizer,algae extract,16
hyaluronic acid moisturizer,butyrospermum parkii (shea) butter,15
hyaluronic acid moisturizer,kokum butter,14
hyaluronic acid moisturizer,lavender essential oil,9
hyaluronic acid moisturizer,sodium hyaluronate,16
hyaluronic acid moisturizer,vetiver essential oil,9
hyaluronic acid moisturizer,caprylic/capric triglyceride,14
hyaluronic acid moisturizer,frankincese essential oil,11
hyaluronic acid moisturizer,xanthan gum,16
,,
,,
Product,Ingredient,Score
moisturizing oat & calendula miracle face cream,olea europaea (olive) fruit oil,16
moisturizing oat & calendula miracle face cream,cetearyl alcohol,14
moisturizing oat & calendula miracle face cream,caprylhydroxamic acid,9
moisturizing oat & calendula miracle face cream,nasturtium officinale (watercress) flower/leaf extract,11
moisturizing oat & calendula miracle face cream,calendula officinalis flower extract,17
moisturizing oat & calendula miracle face cream,cetearyl glucoside,14
moisturizing oat & calendula miracle face cream,spiraea ulmaria (meadowsweet) flower extract,11
moisturizing oat & calendula miracle face cream,glyceryl stearate,14
moisturizing oat & calendula miracle face cream,butyrospermum parkii (shea) butter,15
moisturizing oat & calendula miracle face cream,caprylic/capric triglyceride,14
moisturizing oat & calendula miracle face cream,pueraria lobata (kudzu) root extract,14
moisturizing oat & calendula miracle face cream,water (aqua),16
moisturizing oat & calendula miracle face cream,glycerin,17
moisturizing oat & calendula miracle face cream,helianthus annuus seed oil/sunflower seed oil,16
moisturizing oat & calendula miracle face cream,anthemis nobilis flower oil,17
moisturizing oat & calendula miracle face cream,argania spinosa (argan) kernel oil,16
moisturizing oat & calendula miracle face cream,avena sativa (oat) kernel,16
moisturizing oat & calendula miracle face cream,chamomilla recutita (matricaria) flower extract,17
moisturizing oat & calendula miracle face cream,cocos nucifera (coconut) oil,14
moisturizing oat & calendula miracle face cream,tocopherol,14
moisturizing oat & calendula miracle face cream,xanthan gum,16
moisturizing oat & calendula miracle face cream,aloe barbadensis (aloe vera) leaf juice*,18
moisturizing oat & calendula miracle face cream,rosmarinus officinalis (rosemary) leaf extract,8
moisturizing oat & calendula miracle face cream,cyamopsis tetragonoloba (guar) gum,16
moisturizing oat & calendula miracle face cream,fragrance,2
moisturizing oat & calendula miracle face cream,glyceryl caprylate,14
,,
,,
Product,Ingredient,Score
petitgrain face moisturizer,simmondsia chinensis (jojoba) seed oil,14
petitgrain face moisturizer,butter butyrospermum parkii (shea) butter ,15
petitgrain face moisturizer,citrus aurantium (petigtain) oil,8
petitgrain face moisturizer,prunus amygdalys dulcis (sweet almond oil) ,16
,,
,,
Product,Ingredient,Score
texture smoothing cream,xanthan gum,16
texture smoothing cream,glyceryl caprylate,14
texture smoothing cream,lecithin,15
texture smoothing cream,linum usitatissimum (linseed) seed extract,14
texture smoothing cream,glyceryl stearate,14
texture smoothing cream,sorbitan trioleate,14
texture smoothing cream,sodium phytate,14
texture smoothing cream,glycerin,17
texture smoothing cream,cucumis sativus (cucumber) fruit extract,18
texture smoothing cream,cucumis sativus (cucumber) fruit water,18
texture smoothing cream,pullulan,16
texture smoothing cream,tanacetum vulgare extract,11
texture smoothing cream,caprylic/capric triglyceride,14
texture smoothing cream,ethylhexylglycerin,10
texture smoothing cream,butyrospermum parkii (shea) butter,15
texture smoothing cream,caprylhydroxamic acid,9
texture smoothing cream,squalane,16
texture smoothing cream,helianthus annuus seed oil/sunflower seed oil,16
texture smoothing cream,apium graveolens (celery) seed extract,11
texture smoothing cream,panax ginseng root extract,14
texture smoothing cream,stearic acid,14
texture smoothing cream,arginine,16
texture smoothing cream,camellia japonica seed oil1,16
texture smoothing cream,cetyl alcohol,14
texture smoothing cream,mentha piperita (peppermint) extract,7
texture smoothing cream,sclerotium gum,16
texture smoothing cream,water/aqua,16
,,
,,
Product,Ingredient,Score
coffee & rosemary oil ,butyrospermum parkii (shea) butter,15
coffee & rosemary oil ,avocado oil,14
coffee & rosemary oil ,coffee,7
coffee & rosemary oil ,grapeseed oil,13
coffee & rosemary oil ,rosemary,8
coffee & rosemary oil ,sea moss,15
coffee & rosemary oil ,sunflower oil,17
coffee & rosemary oil ,sweet almond oil,17
,,
,,
Product,Ingredient,Score
mochi mochi luminous plumping & hydrating moisturizer,cetearyl alcohol,14
mochi mochi luminous plumping & hydrating moisturizer,salix alba (willow) bark extract,10
mochi mochi luminous plumping & hydrating moisturizer,sodium citrate,11
mochi mochi luminous plumping & hydrating moisturizer,sodium stearoyl lactylate,14
mochi mochi luminous plumping & hydrating moisturizer,butyrospermum parkii (shea) butter,15
mochi mochi luminous plumping & hydrating moisturizer,pentylene glycol,11
mochi mochi luminous plumping & hydrating moisturizer,perilla ocymoides leaf/stem oil,13
mochi mochi luminous plumping & hydrating moisturizer,propanediol dicaprylate/caprate,14
mochi mochi luminous plumping & hydrating moisturizer,stearyl alcohol,14
mochi mochi luminous plumping & hydrating moisturizer,phytic acid,11
mochi mochi luminous plumping & hydrating moisturizer,glyceryl stearate,14
mochi mochi luminous plumping & hydrating moisturizer,cetearyl glucoside,14
mochi mochi luminous plumping & hydrating moisturizer,butylene glycol,13
mochi mochi luminous plumping & hydrating moisturizer,diglycerin,14
mochi mochi luminous plumping & hydrating moisturizer,helianthus annuus (sunflower) seed oil,13
mochi mochi luminous plumping & hydrating moisturizer,polyglyceryl-2 stearate,14
mochi mochi luminous plumping & hydrating moisturizer,glycerin,17
mochi mochi luminous plumping & hydrating moisturizer,tocopherol,14
mochi mochi luminous plumping & hydrating moisturizer,water,16
mochi mochi luminous plumping & hydrating moisturizer,behenyl alcohol,14
mochi mochi luminous plumping & hydrating moisturizer,coco-caprylate/caprate,14
,,
,,
Product,Ingredient,Score
dawn facial serum,marshmallow root (althaea officinalis),16
dawn facial serum,chamomile (matricaria recutita),16
dawn facial serum,frankincense essential oil,12
dawn facial serum,cranberry seed oil,13
dawn facial serum,helichrysum essential oil,12
dawn facial serum,ylang ylang essential oil,12
dawn facial serum,tocopherol,14
dawn facial serum,calendula (calendula officinalis),16
dawn facial serum,sea buckthorn oil,13
dawn facial serum,jojoba oil,14
dawn facial serum,red raspberry seed oil,14
dawn facial serum,safflower oil,14
dawn facial serum,lavender essential oil,9
dawn facial serum,rose geranium essential oil,13
,,
,,
Product,Ingredient,Score
face stick,caprylic/capric triglyceride,14
face stick,limnanthes alba (meadowfoam) seed oil,14
face stick,polyhydroxystearic acid,14
face stick,silica,9
face stick,sodium hyaluronate,16
face stick,glyceryl caprylate,14
face stick,helianthus annuus (sunflower) seed wax,14
face stick,squalane,16
face stick,ceramide np,14
face stick,glyceryl behenate,13
face stick,simmondsia-chinensis (jojoba) seed oil,14
face stick,stearyl behenate,14
face stick,cetearyl alcohol,14
face stick,c10-18 triglycerides,14
face stick,dimethyl isosorbide,11
face stick,hydrogenated farnesene,13
face stick,naringenin,12
,,
,,
Product,Ingredient,Score
dusk facial serum,tocopherol,14
dusk facial serum,avocado oil,14
dusk facial serum,calendula (calendula officinalis),16
dusk facial serum,gotu kola (centella asiatica),15
dusk facial serum,helichrysum (helichrysum italicum),14
dusk facial serum,pomegranate oil,13
dusk facial serum,rose otto essential oil,12
dusk facial serum,jojoba oil,14
dusk facial serum,helichrysum essential oil,12
dusk facial serum,blue chamomile essential oil,15
dusk facial serum,cedar wood essential oil,7
,,
,,
Product,Ingredient,Score
skincare cloud whip vitamin c face moisturizer,ethylhexyl palmitate,12
skincare cloud whip vitamin c face moisturizer,flaxseed oil,13
skincare cloud whip vitamin c face moisturizer,organic gotu kola horsetail (centella asiatica),15
skincare cloud whip vitamin c face moisturizer,tamanu,13
skincare cloud whip vitamin c face moisturizer,beeswax,12
skincare cloud whip vitamin c face moisturizer,calendula,16
skincare cloud whip vitamin c face moisturizer,potassium stearate,10
skincare cloud whip vitamin c face moisturizer,jojoba oil,14
skincare cloud whip vitamin c face moisturizer,geranium,12
skincare cloud whip vitamin c face moisturizer,glyceryl stearate,14
skincare cloud whip vitamin c face moisturizer,phenoxyethanol,10
skincare cloud whip vitamin c face moisturizer,coconut oil,12
skincare cloud whip vitamin c face moisturizer,oregon grape,14
skincare cloud whip vitamin c face moisturizer,vitamin c,15
skincare cloud whip vitamin c face moisturizer,borage oil,13
skincare cloud whip vitamin c face moisturizer,chamomile,16
skincare cloud whip vitamin c face moisturizer,evening primrose,13
skincare cloud whip vitamin c face moisturizer,ginger root essential oil,8
skincare cloud whip vitamin c face moisturizer,rosehip,13
skincare cloud whip vitamin c face moisturizer,sodium carbomer,10
skincare cloud whip vitamin c face moisturizer,vitamin b5,16
skincare cloud whip vitamin c face moisturizer,ethylhexylglycerin,10
skincare cloud whip vitamin c face moisturizer,water,16
skincare cloud whip vitamin c face moisturizer,sunflower oil,17
skincare cloud whip vitamin c face moisturizer,aloe,17
skincare cloud whip vitamin c face moisturizer,arnica,9
skincare cloud whip vitamin c face moisturizer,lavender,16
skincare cloud whip vitamin c face moisturizer,lime essential oil,7
skincare cloud whip vitamin c face moisturizer,cetyl alcohol,14
skincare cloud whip vitamin c face moisturizer,lemon peel essential oil,7
skincare cloud whip vitamin c face moisturizer,macadamia nut oil,13
skincare cloud whip vitamin c face moisturizer,msm,12
skincare cloud whip vitamin c face moisturizer,wild geranium,12
skincare cloud whip vitamin c face moisturizer,cocoa butter,12
,,
,,
Product,Ingredient,Score
guava & lavender facial serum,guava leaf,10
guava & lavender facial serum,lavender essential oil,9
guava & lavender facial serum,sunflower oil,17
guava & lavender facial serum,rosehip,13
guava & lavender facial serum,basil leaf,10
guava & lavender facial serum,mint leaf,10
guava & lavender facial serum,avocado oil,14
guava & lavender facial serum,grapeseed oil,13
guava & lavender facial serum,lavender,16
,,
,,
Product,Ingredient,Score
hydrogel cream,polyglyceryl-4 isostearate,13
hydrogel cream,glycerin,17
hydrogel cream,hydrolyzed sodium hyaluronate,15
hydrogel cream,squalane,16
hydrogel cream,"1, 2-hexanediol 1",10
hydrogel cream,trisodium ethylenediamine disuccinate,10
hydrogel cream,water (aqua),16
hydrogel cream,tocopherol,14
hydrogel cream,sodium pca,15
hydrogel cream,coco-caprylate/caprate,14
hydrogel cream,propanediol,11
hydrogel cream,jojoba esters,14
hydrogel cream,pyrus malus (apple) fruit extract,15
hydrogel cream,sodium acetylated hyaluronate,15
hydrogel cream,caprylhydroxamic acid,9
hydrogel cream,disteardimonium hectorite,10
,,
,,
Product,Ingredient,Score
moisture repair face melt cream,apricot oil,14
,,
,,
Product,Ingredient,Score
midnight recovery omega rich botanical night cream,dicaprylyl carbonate,13
midnight recovery omega rich botanical night cream,lavandula hybrida oil,13
midnight recovery omega rich botanical night cream,benzoic acid,8
midnight recovery omega rich botanical night cream,geraniol,7
midnight recovery omega rich botanical night cream,glycerin,17
midnight recovery omega rich botanical night cream,citral,7
midnight recovery omega rich botanical night cream,citronellol,7
midnight recovery omega rich botanical night cream,propanediol,11
midnight recovery omega rich botanical night cream,simmondsia chinensis seed oil / jojoba seed oil*,14
midnight recovery omega rich botanical night cream,rosmarinus officinalis leaf oil / rosemary leaf oil,7
midnight recovery omega rich botanical night cream,adenosine,15
midnight recovery omega rich botanical night cream,lavandula angustifolia oil / lavender oil,15
midnight recovery omega rich botanical night cream,squalane,16
midnight recovery omega rich botanical night cream,silica,9
midnight recovery omega rich botanical night cream,glycine soja oil / soybean oil,11
midnight recovery omega rich botanical night cream,salicylic acid,10
midnight recovery omega rich botanical night cream,xanthan gum,16
midnight recovery omega rich botanical night cream,rosa damascena flower oil,12
midnight recovery omega rich botanical night cream,caprylyl glycol,11
midnight recovery omega rich botanical night cream,tocopherol,14
midnight recovery omega rich botanical night cream,caprylic/capric triglyceride,14
midnight recovery omega rich botanical night cream,coriandrum sativum seed oil / coriander seed oil,10
midnight recovery omega rich botanical night cream,ci 77007 / ultramarines,8
midnight recovery omega rich botanical night cream,cetearyl alcohol,14
midnight recovery omega rich botanical night cream,cetearyl glucoside,14
midnight recovery omega rich botanical night cream,linalool,7
midnight recovery omega rich botanical night cream,citric acid,9
midnight recovery omega rich botanical night cream,aqua / water,16
midnight recovery omega rich botanical night cream,cellulose,10
midnight recovery omega rich botanical night cream,passiflora edulis seed oil,13
midnight recovery omega rich botanical night cream,pelargonium graveolens flower oil,11
midnight recovery omega rich botanical night cream,oenothera biennis oil / evening primrose oil,13
midnight recovery omega rich botanical night cream,zinc gluconate,13
midnight recovery omega rich botanical night cream,sodium polyacrylate starch,10
midnight recovery omega rich botanical night cream,glyceryl stearate,14
,,
,,
Product,Ingredient,Score
shea light comforting face cream,chlorphenesin,5
shea light comforting face cream,cetearyl alcohol,14
shea light comforting face cream,aqua/water/eau,16
shea light comforting face cream,carbomer,9
shea light comforting face cream,benzyl benzoate,6
shea light comforting face cream,helianthus annuus seed oil/sunflower seed oil,16
shea light comforting face cream,tocopherol,14
shea light comforting face cream,butyrospermum parkii (shea) butter,15
shea light comforting face cream,cetyl phosphate,10
shea light comforting face cream,citronellol,7
shea light comforting face cream,dicaprylyl ether,12
shea light comforting face cream,octyldodecyl myristate,13
shea light comforting face cream,sodium stearoyl glutamate,13
shea light comforting face cream,hexyl cinnamal,6
shea light comforting face cream,hydrogenated palm glycerides,13
shea light comforting face cream,limonene,6
shea light comforting face cream,benzyl alcohol,6
shea light comforting face cream,corn starch modified,9
shea light comforting face cream,coumarin,6
shea light comforting face cream,glycerin,17
shea light comforting face cream,ethylhexylglycerin,10
shea light comforting face cream,alpha-isomethyl ionone,7
shea light comforting face cream,lye (sodium hydroxide),5
shea light comforting face cream,xanthan gum,16
shea light comforting face cream,potassium,9
shea light comforting face cream,linalool,7
shea light comforting face cream,parfum/fragrance,4
,,
,,
Product,Ingredient,Score
lavender flower drops,(organic) flax glycerin,16
lavender flower drops,fresh lavender flowers,17
,,
,,
Product,Ingredient,Score
triple c night cream,glycerin,17
triple c night cream,calendula,16
triple c night cream,isopropyl palmitate,12
triple c night cream,curcuma longa (turmeric) root extract,15
triple c night cream,magnesium ascorbyl phosphate (vitamin c),15
triple c night cream,polyglyceryl-2 stearate (and) glyceryl stearate (and) stearyl alcohol,13
triple c night cream,chlorella pyrenoidosa extract,15
triple c night cream,phenethyl alcohol,6
triple c night cream,sodium hyaluronate acid (hyaluronic acid),15
triple c night cream,butyrospermum parkii (shea) butter,15
triple c night cream,cetyl alcohol,14
triple c night cream,ascorbyl glucoside (vitamin c),15
triple c night cream,inonotus obliquus (chaga mushroom) extract,16
triple c night cream,ribes nigrum (blackcurrant) seed oil,13
triple c night cream,tetrahexyldecyl ascorbate (vitamin c),15
triple c night cream,tocotrienol (vitamin e),15
triple c night cream,calendula officinalis flower extract,17
triple c night cream,squalane,16
triple c night cream,ganoderma lucidum (reishi mushroom) extract,16
triple c night cream,organic carthamus tinctorius (safflower) seed oil,13
triple c night cream,glyceryl stearate,14
triple c night cream,stearic acid,14
triple c night cream,ceramide 3,15
triple c night cream,deionized water (aqua),16
triple c night cream,caprylyl glycol,11
triple c night cream,allantoin,16
triple c night cream,ethylhexyl glycerin,10
triple c night cream,riboflavin (vitamin b2),15
triple c night cream,rubus chamaemorus (cloudberry) fruit extract,15
triple c night cream,steam distilled citrus aurantium dulcis (sweet orange) oil,7
triple c night cream,xanthan gum,16
triple c night cream,sodium pca,15
,,
,,
Product,Ingredient,Score
luscious face,hibiscus water,15
luscious face,rosa rugosa,16
luscious face,sea buckthorn,13
luscious face,st. john's wort,13
luscious face,shea butter,15
luscious face,beeswax,12
luscious face,lavender,16
luscious face,grapeseed oil (vitis vinifera seed oil),13
,,
,,
Product,Ingredient,Score
facial cream,cetearyl alcohol,14
facial cream,coffee butter,13
facial cream,colloidal oatmeal,16
facial cream,distilled water,16
facial cream,hazelnut oil (corylus avellana seed oil),13
facial cream,vegetable glycerin,16
,,
,,
Product,Ingredient,Score
neroli flower drops,(organic) flax glycerin,16
neroli flower drops,fresh orange blossoms,15
,,
,,
Product,Ingredient,Score
nourish night face balm,mango butter (mangifera indica seed butter),14
nourish night face balm,organic calophyllum tacamahaca (tamanu) seed oil,12
nourish night face balm,organic jojoba oil (simmondsia chinensis),14
nourish night face balm,organic opuntia ficus indica (prickly pear) seed oil,13
nourish night face balm,organic shea butter (butyrospermum parkii butter) ,14
nourish night face balm,rose hip (rosa canina),13
,,
,,
Product,Ingredient,Score
glow daily vitamin - c gel cream,ammonium bicarbonate,6
glow daily vitamin - c gel cream,glycogen,15
glow daily vitamin - c gel cream,hippophaÃ« rhamnoides oil,13
glow daily vitamin - c gel cream,diglucosyl gallic acid,15
glow daily vitamin - c gel cream,ascorbyl glucoside,15
glow daily vitamin - c gel cream,lauryl laurate,13
glow daily vitamin - c gel cream,magnesium ascorbyl phosphate,13
glow daily vitamin - c gel cream,phenoxyethanol,10
glow daily vitamin - c gel cream,cetearyl alcohol,14
glow daily vitamin - c gel cream,hydroxyacetophenone,15
glow daily vitamin - c gel cream,carbomer,9
glow daily vitamin - c gel cream,citrus grandis (grapefruit) peel oil,7
glow daily vitamin - c gel cream,helianthus annuus (sunflower) seed oil,13
glow daily vitamin - c gel cream,parfum* (fragrance),6
glow daily vitamin - c gel cream,glycerin,17
glow daily vitamin - c gel cream,tocopherol,14
glow daily vitamin - c gel cream,cetearyl glucoside,14
glow daily vitamin - c gel cream,citral,7
glow daily vitamin - c gel cream,citrus nobilis(mandarin orange) peel oil,7
glow daily vitamin - c gel cream,citrus tangerina (tangerine) peel oil,7
glow daily vitamin - c gel cream,glucose,15
glow daily vitamin - c gel cream,limonene,6
glow daily vitamin - c gel cream,linalool 100% natural fragrance - parfum 100% naturel,7
glow daily vitamin - c gel cream,rosmarinus officinalis (rosemary) leaf extract,8
glow daily vitamin - c gel cream,aqua (water),16
glow daily vitamin - c gel cream,cetearyl ethylhexanoate,13
glow daily vitamin - c gel cream,citrus aurantium dulcis (orange) flower oil,7
glow daily vitamin - c gel cream,sodium hydroxide,6
glow daily vitamin - c gel cream,tapioca starch,13
,,
,,
Product,Ingredient,Score
revive facial toner,(organic) apple cider vinegar,6
revive facial toner,(organic) lavender essential oil,9
revive facial toner,(organic) lemon essential oil,6
revive facial toner,(organic) tea tree essential oil,8
revive facial toner,(organic) witch hazel,15
revive facial toner,distilled water,16
,,
,,
Product,Ingredient,Score
restorative facial cream,daucus carota sativa (carrot) root extract,14
restorative facial cream,limonene,6
restorative facial cream,carbomer,9
restorative facial cream,glycine soja (soybean) oil,13
restorative facial cream,alpha-isomethyl ionone,7
restorative facial cream,benzyl benzoate,6
restorative facial cream,lye (sodium hydroxide),5
restorative facial cream,citric acid,9
restorative facial cream,stearyl alcohol,14
restorative facial cream,linalool,7
restorative facial cream,isopropyl palmitate,12
restorative facial cream,cetyl palmitate,13
restorative facial cream,glycerin,17
restorative facial cream,disodium edta,14
restorative facial cream,potassium cetyl phosphate,10
restorative facial cream,water/eau (aqua),16
restorative facial cream,tocopherol,14
restorative facial cream,eugenol,6
restorative facial cream,sorbic acid,6
restorative facial cream,butyrospermum parkii (shea) butter,15
restorative facial cream,geraniol,7
restorative facial cream,coumarin,6
restorative facial cream,sodium benzoate,6
restorative facial cream,phenoxyethanol,10
restorative facial cream,butylene glycol,13
restorative facial cream,citronellol,7
restorative facial cream,fragrance (parfum),4
restorative facial cream,glyceryl myristate,13
restorative facial cream,hydrogenated polyisobutene,13
restorative facial cream,potassium sorbate,6
restorative facial cream,citral,7
restorative facial cream,allantoin,16
,,
,,
Product,Ingredient,Score
superfood air-whip moisture cream,aqua/water/eau,16
superfood air-whip moisture cream,carbomer,9
superfood air-whip moisture cream,chlorphenesin,5
superfood air-whip moisture cream,chamomilla recutita flower extract/matricaria flower extract,16
superfood air-whip moisture cream,hydrogenated lecithin,12
superfood air-whip moisture cream,panthenol,16
superfood air-whip moisture cream,sarcosine,10
superfood air-whip moisture cream,helianthus annuus seed oil/sunflower seed oil,16
superfood air-whip moisture cream,tocopherol,14
superfood air-whip moisture cream,phenoxyethanol,10
superfood air-whip moisture cream,cetearyl glucoside,14
superfood air-whip moisture cream,betaine,16
superfood air-whip moisture cream,glycine soja oil/soybean oil,11
superfood air-whip moisture cream,glycerin,17
superfood air-whip moisture cream,brassica oleracea acephala leaf extract,15
superfood air-whip moisture cream,menthoxypropanediol,11
superfood air-whip moisture cream,citric acid,9
superfood air-whip moisture cream,lye (sodium hydroxide),5
superfood air-whip moisture cream,aloe barbadensis leaf juice powder,17
superfood air-whip moisture cream,camellia sinensis leaf extract (green tea),16
superfood air-whip moisture cream,pentaerythrityl tetra-di-t-butyl hydroxyhydrocinnamate,10
superfood air-whip moisture cream,hydroxyacetophenone,15
superfood air-whip moisture cream,pentylene glycol,11
superfood air-whip moisture cream,hydrolyzed sodium hyaluronate,15
superfood air-whip moisture cream,parfum/fragrance,4
superfood air-whip moisture cream,medicago sativa extract/alfalfa extract,15
superfood air-whip moisture cream,limonene,6
superfood air-whip moisture cream,pentaerythrityl tetraethylhexanoate,13
superfood air-whip moisture cream,spinacia oleracea/spinach leaf extract,15
superfood air-whip moisture cream,tetrasodium glutamate diacetate,9
superfood air-whip moisture cream,3-o-ethyl ascorbic acid,15
superfood air-whip moisture cream,sodium hyaluronate,16
superfood air-whip moisture cream,copper pca,10
superfood air-whip moisture cream,caprylic/capric triglyceride,14
superfood air-whip moisture cream,squalane,16
superfood air-whip moisture cream,acrylates/c10-30 alkyl acrylate crosspolymer,9
superfood air-whip moisture cream,cetearyl alcohol,14
,,
,,
Product,Ingredient,Score
soothing gel moisturizer,rose hydrosol,16
soothing gel moisturizer,olivem 1000,13
soothing gel moisturizer,lavender essential oil,9
soothing gel moisturizer,neroli orange essential oil,7
soothing gel moisturizer,xanthan gum,16
soothing gel moisturizer,raspberry seed oil,14
soothing gel moisturizer,niacinamide,16
soothing gel moisturizer,leucidal liquid advanced aloe,16
soothing gel moisturizer,glycerin,17
soothing gel moisturizer,shea butter,15
,,
,,
Product,Ingredient,Score
calming toner,aloe vera,17
calming toner,leucidal liquid advanced aloe,16
calming toner,chamomile tea,16
calming toner,neroli hydrosol,16
calming toner,neroli essential oil,8
calming toner,glycerin,17
calming toner,distilled water,16
,,
,,
Product,Ingredient,Score
flower garden face cream,roman chamomile essential oil,16
flower garden face cream,geranium essential oil,7
flower garden face cream,rose absolute essential oil,8
flower garden face cream,lavender essential oil,9
flower garden face cream,organic unrefined raw mango butter,14
flower garden face cream,organic cold pressed unrefined grapeseed oil,13
,,
,,
Product,Ingredient,Score
day time moisturizing face cream,kokum butter,14
day time moisturizing face cream,almond oil,17
day time moisturizing face cream,beeswax,12
day time moisturizing face cream,rose water,16
day time moisturizing face cream,lavender essential oil,9
day time moisturizing face cream,grapeseed oil,13
day time moisturizing face cream,coconut oil,12
day time moisturizing face cream,aloe vera gel,17
day time moisturizing face cream,vitamin e oil,15
day time moisturizing face cream,chamomile essential oil,16
day time moisturizing face cream,glycerine emulsifier,15
day time moisturizing face cream,rose essential oil,8
day time moisturizing face cream,rosewood essential oil,7
,,
,,
Product,Ingredient,Score
cocoa face cream,organic jojoba oil,14
cocoa face cream,organic raw cocoa butter,13
cocoa face cream,organic raw coconut oil,12
cocoa face cream,organic sweet almond oil,14
cocoa face cream,sacred frankincense essential oil,12
cocoa face cream,organic arrowroot powder,13
cocoa face cream,vanilla planifolia fruit extract,13
cocoa face cream,cocoa seed extrac,13
,,
,,
Product,Ingredient,Score
dry & sensitive skin face moisturizer,borage oil,13
dry & sensitive skin face moisturizer,lavender oil,15
dry & sensitive skin face moisturizer,calendula oil,16
dry & sensitive skin face moisturizer,lavender water,16
dry & sensitive skin face moisturizer,sunflower oil,17
dry & sensitive skin face moisturizer,rosehip oil,13
dry & sensitive skin face moisturizer,hibiscus oil,13
dry & sensitive skin face moisturizer,sesame oil,13
dry & sensitive skin face moisturizer,apricot oil,14
dry & sensitive skin face moisturizer,avocado oil,14
,,
,,
Product,Ingredient,Score
protect + repair - face moisturizer ,vitamin e,15
protect + repair - face moisturizer ,carrot seed oil,13
protect + repair - face moisturizer ,pro vitamin b5,16
protect + repair - face moisturizer ,mulberry extract,15
protect + repair - face moisturizer ,green tea extract,16
protect + repair - face moisturizer ,vitamin a,15
protect + repair - face moisturizer ,jojoba oil,14
protect + repair - face moisturizer ,avocado oil,14
protect + repair - face moisturizer ,rosehip oil,13
protect + repair - face moisturizer ,vitamin c,15
protect + repair - face moisturizer ,aloe vera,17
protect + repair - face moisturizer ,centella,15
protect + repair - face moisturizer ,white tea extract,15
,,
,,
Product,Ingredient,Score
anti-aging dmae face cream,jojoba oil,14
anti-aging dmae face cream,aloe vera,17
anti-aging dmae face cream,vitamin a,15
anti-aging dmae face cream,argireline,15
anti-aging dmae face cream,coenzyme q10,15
anti-aging dmae face cream,retinol,13
anti-aging dmae face cream,green tea,15
anti-aging dmae face cream,shea butter,15
anti-aging dmae face cream,vitamin c,15
anti-aging dmae face cream,vitamin e,15
anti-aging dmae face cream,hyaluronic acid,15
anti-aging dmae face cream,collagen,15
anti-aging dmae face cream,dmae,10
,,
,,
Product,Ingredient,Score
original face cream,organic beeswax,12
original face cream,organic jojoba oil,14
original face cream,vitamin e,15
original face cream,organic unrefined shea butter,14
original face cream,organic grape seed oil,13
original face cream,organic rosehip seed oil,13
original face cream,organic argan oil,13
original face cream,organic baobab oil,13
original face cream,essential oils,3
,,
,,
Product,Ingredient,Score
my first skincare face cream,blueberry oil,13
my first skincare face cream,chamomile hydrosol,16
my first skincare face cream,grapeseed oil,13
my first skincare face cream,almond oil,17
my first skincare face cream,grape seed oil,13
,,
,,
Product,Ingredient,Score
organic lavender & chamomile herbal face cream,calendula,16
organic lavender & chamomile herbal face cream,chamomile,16
organic lavender & chamomile herbal face cream,coconut oil,12
organic lavender & chamomile herbal face cream,lavender,16
organic lavender & chamomile herbal face cream,rosehip seed oil,13
organic lavender & chamomile herbal face cream,yellow beeswax,12
organic lavender & chamomile herbal face cream,tocopherol natural vitamin e oil,14
organic lavender & chamomile herbal face cream,jojoba oil,14
organic lavender & chamomile herbal face cream,lavender hydrosol,16
organic lavender & chamomile herbal face cream,aloe vera gel,17
organic lavender & chamomile herbal face cream,raw virgin shea butter,14
organic lavender & chamomile herbal face cream,rosemary antioxidant,7
organic lavender & chamomile herbal face cream,lavender essential oil,9
,,
,,
Product,Ingredient,Score
organic rosehip face cream,organic shea butter,14
organic rosehip face cream,vitamin e oil,15
organic rosehip face cream,organic cold pressed rosehip seed oil,13
organic rosehip face cream,organic evening primrose oil,13
organic rosehip face cream,organic rose geranium,13
,,
,,
Product,Ingredient,Score
anti aging daily rose face moisturizer,shea butter,15
anti aging daily rose face moisturizer,almond oil,17
anti aging daily rose face moisturizer,essential oils,3
anti aging daily rose face moisturizer,jojoba oil,14
anti aging daily rose face moisturizer,coconut oil,12
anti aging daily rose face moisturizer,vitamin e,15
anti aging daily rose face moisturizer,rose petals,16
anti aging daily rose face moisturizer,rose oil,8
anti aging daily rose face moisturizer,frankincense,12
anti aging daily rose face moisturizer,rosehip oil,13
,,
,,
Product,Ingredient,Score
" rosehip face cream",organic aloe vera juice,17
" rosehip face cream",organic sunflower seed oil,13
" rosehip face cream",organic neem oil,13
" rosehip face cream",organic rosemary leaf extract,7
" rosehip face cream",ascorbyl palmitate,15
" rosehip face cream",glycerin,17
" rosehip face cream",phenoxyethanol,10
" rosehip face cream",vitamin e,15
" rosehip face cream",rosehip seed oil,13
" rosehip face cream",provitamin b5,16
" rosehip face cream",beta carotene,15
" rosehip face cream",organic coconut oil,12
" rosehip face cream",emulsifying wax,13
" rosehip face cream",citric acid,9
" rosehip face cream",niacinamide,16
" rosehip face cream",organic hibiscus flower extract,15
,,
,,
Product,Ingredient,Score
natural zinc hydrating face butter,non nano zinc oxide,17
natural zinc hydrating face butter,shea butter,15
natural zinc hydrating face butter,rosehip oil,13
natural zinc hydrating face butter,coconut oil,12
natural zinc hydrating face butter,lavender oil,15
natural zinc hydrating face butter,vitamin e,15
natural zinc hydrating face butter,frankincense oil,12
,,
,,
Product,Ingredient,Score
sweet cheeks face butter,lavender essential oil,9
sweet cheeks face butter,shea butter,15
sweet cheeks face butter,vitamin e,15
sweet cheeks face butter,rosehip seed oil,13
sweet cheeks face butter,jojoba,14
sweet cheeks face butter,melissa essential oil,8
sweet cheeks face butter,clary sage essential oil,7
sweet cheeks face butter,herbal blend,7
sweet cheeks face butter,sunflower oil,17
sweet cheeks face butter,argan oil,13
,,
,,
Product,Ingredient,Score
manuka honey face cream,rice bran extract,15
manuka honey face cream,glycerin,17
manuka honey face cream,stearic acid,14
manuka honey face cream,sweet almond oil,17
manuka honey face cream,safflower seed oil,14
manuka honey face cream,organic aloe,17
manuka honey face cream,goat milk,14
manuka honey face cream,rosemary extract,7
manuka honey face cream,coconut extract,13
manuka honey face cream,orange peel extract,7
manuka honey face cream,deionized water,16
manuka honey face cream,capric triglycerides,13
manuka honey face cream,manuka honey,14
,,
,,
Product,Ingredient,Score
dream potion facial serum,lavender essential oil,9
dream potion facial serum,chamomile,16
dream potion facial serum,lavender,16
dream potion facial serum,aloe vera gel,17
dream potion facial serum,chamomile essential oil,16
dream potion facial serum,rose petals,16
dream potion facial serum,rose absolute,8
dream potion facial serum,hops,14
,,
,,
Product,Ingredient,Score
chamomile flower drops,organic flax glycerin,16
chamomile flower drops,fresh chamomile flowers,16
,,
,,
Product,Ingredient,Score
jasmine flower drop,organic flax glycerin,16
jasmine flower drop,fresh jasmine blossoms,16
,,
,,
Product,Ingredient,Score
lilac flower drop,organic flax glycerin,16
lilac flower drop,fresh lilac petals,16
,,
,,
Product,Ingredient,Score
rose flower drop,organic flax glycerin,16
rose flower drop,fresh rose petals,16
,,
,,
Product,Ingredient,Score
lemon blossom flower drop,organic flax glycerin,16
lemon blossom flower drop,fresh lemon blossoms,7
,,
,,
Product,Ingredient,Score
yarrow flower drop,organic flax glycerin,16
yarrow flower drop,yarrow flowers,16
,,
,,
